id,conf_type_id,beg_chain,beg_seq,beg_res,end_chain,end_seq,end_res,n_atoms,mean_x,mean_y,mean_z
HELX_RH_AL_P1,HELX_RH_AL_P,A,5,LEU,A,11,HIS,64,-21.488,19.828,-5.52
TURN_TY1_P1,TURN_TY1_P,A,12,ARG,A,12,ARG,11,-27.727,18.508,-4.273
HELX_RH_AL_P2,HELX_RH_AL_P,A,19,ASP,A,22,ARG,35,-31.197,-2.813,0.158
BEND1,BEND,A,23,GLY,A,23,GLY,4,-34.503,-1.084,4.677
HELX_RH_3T_P1,HELX_RH_3T_P,A,25,PHE,A,27,ARG,33,-34.21,-3.74,10.101
STRN1,STRN,A,28,VAL,A,35,SER,58,-23.351,-16.259,8.273
BEND2,BEND,A,39,VAL,A,40,ALA,12,-1.277,-17.551,4.247
HELX_RH_AL_P3,HELX_RH_AL_P,A,42,TYR,A,48,LEU,58,-1.02,-20.009,13.378
TURN_TY1_P2,TURN_TY1_P,A,49,PHE,A,54,GLY,50,-7.563,-16.588,16.614
HELX_LH_PP_P1,HELX_LH_PP_P,A,55,GLN,A,55,GLN,9,-13.409,-15.964,12.885
STRN2,STRN,A,56,PRO,A,62,ASN,56,-23.728,-12.899,6.17
TURN_TY1_P3,TURN_TY1_P,A,63,ALA,A,64,SER,11,-36.166,-13.467,5.535
TURN_TY1_P4,TURN_TY1_P,A,68,GLU,A,69,ASP,17,-30.211,-26.092,5.978
BEND3,BEND,A,70,SER,A,70,SER,6,-26.865,-21.587,7.732
STRN3,STRN,A,72,MET,A,73,GLU,17,-28.578,-15.711,12.079
HELX_LH_PP_P2,HELX_LH_PP_P,A,74,THR,A,78,PRO,35,-31.908,-7.049,17.986
STRN4,STRN,A,82,ARG,A,87,LEU,46,-14.887,5.63,15.46
STRN5,STRN,A,88,SER,A,88,SER,6,-5.239,4.769,8.471
BEND4,BEND,A,89,GLY,A,90,GLY,8,-3.204,6.799,4.611
TURN_TY1_P5,TURN_TY1_P,A,93,PRO,A,94,GLY,11,-12.223,8.162,-1.786
HELX_RH_AL_P4,HELX_RH_AL_P,A,95,GLY,A,109,TRP,119,-23.435,6.117,9.08
TURN_TY1_P6,TURN_TY1_P,A,111,ALA,A,112,ASP,13,-30.363,7.686,19.822
STRN6,STRN,A,114,VAL,A,118,PHE,38,-16.272,8.66,17.31
TURN_TY1_P7,TURN_TY1_P,A,119,LEU,A,121,GLY,16,-6.604,11.582,14.616
HELX_RH_AL_P5,HELX_RH_AL_P,A,122,PRO,A,127,SER,37,-4.415,6.899,19.264
TURN_TY1_P8,TURN_TY1_P,A,128,GLY,A,128,GLY,4,-8.147,10.153,22.876
STRN7,STRN,A,130,HIS,A,132,GLU,27,-15.506,13.622,18.985
HELX_RH_AL_P6,HELX_RH_AL_P,A,135,ALA,A,139,ASP,39,-22.125,17.079,9.641
TURN_TY1_P9,TURN_TY1_P,A,140,ALA,A,143,ASN,36,-19.781,15.124,2.874
BEND5,BEND,A,146,GLY,A,147,PHE,15,-9.4,11.139,3.933
TURN_TY1_P10,TURN_TY1_P,A,148,ASP,A,150,ILE,24,-11.658,14.777,8.75
STRN8,STRN,A,153,GLY,A,153,GLY,4,-2.178,7.943,10.108
BEND6,BEND,A,159,SER,A,159,SER,6,3.527,-1.876,22.32
HELX_RH_AL_P7,HELX_RH_AL_P,A,160,GLU,A,172,ARG,96,-5.247,1.106,25.739
TURN_TY1_P11,TURN_TY1_P,A,173,MET,A,174,ALA,13,-15.897,4.962,25.672
BEND7,BEND,A,176,ASP,A,176,ASP,8,-20.228,-0.702,21.53
STRN9,STRN,A,177,ALA,A,182,GLY,38,-12.082,1.141,12.324
BEND8,BEND,A,183,GLY,A,183,GLY,4,-4.836,-1.03,4.956
HELX_RH_AL_P8,HELX_RH_AL_P,A,184,ASP,A,199,ASN,121,-5.605,-5.991,16.061
TURN_TY1_P12,TURN_TY1_P,A,200,SER,A,201,GLY,10,-10.074,-8.434,27.977
STRN10,STRN,A,205,LYS,A,210,PRO,42,-13.584,-3.344,11.487
STRN11,STRN,A,211,LYS,A,211,LYS,9,-7.572,2.414,2.421
TURN_TY1_P13,TURN_TY1_P,A,213,ILE,A,214,ASP,16,-3.472,2.477,-4.029
BEND9,BEND,A,215,GLY,A,215,GLY,4,-5.033,-2.746,-4.763
BEND10,BEND,A,217,LEU,A,217,LEU,8,-6.612,-4.911,0.793
BEND11,BEND,A,220,GLU,A,221,ALA,14,-12.438,-14.042,-2.239
STRN12,STRN,A,226,PHE,A,226,PHE,11,-11.725,2.675,-0.188
TURN_TY1_P14,TURN_TY1_P,A,227,GLY,A,227,GLY,4,-9.953,4.357,-4.546
HELX_RH_AL_P9,HELX_RH_AL_P,A,228,PHE,A,249,ALA,163,-4.617,10.196,-18.202
STRN13,STRN,A,253,TRP,A,258,LEU,60,6.954,8.532,-18.415
TURN_TY1_P15,TURN_TY1_P,A,261,ARG,A,262,SER,17,4.105,-0.325,-1.712
HELX_RH_AL_P10,HELX_RH_AL_P,A,265,HIS,A,274,THR,75,-3.973,0.258,-15.613
BEND12,BEND,A,277,ASN,A,277,ASN,8,4.358,2.873,-26.058
STRN14,STRN,A,278,VAL,A,279,CYS,13,5.173,0.183,-20.563
HELX_RH_AL_P11,HELX_RH_AL_P,A,282,SER,A,287,ALA,41,7.974,-8.733,-12.313
TURN_TY1_P16,TURN_TY1_P,A,288,GLN,A,289,SER,15,12.819,-12.201,-14.957
HELX_RH_AL_P12,HELX_RH_AL_P,A,292,LEU,A,308,GLN,126,14.606,0.078,-25.744
TURN_TY1_P17,TURN_TY1_P,A,309,HIS,A,310,GLY,14,9.009,4.693,-37.628
STRN15,STRN,A,314,GLY,A,319,PRO,41,5.514,4.621,-18.195
HELX_RH_3T_P2,HELX_RH_3T_P,A,320,GLU,A,324,GLU,38,10.034,0.057,-6.762
TURN_TY1_P18,TURN_TY1_P,A,325,PHE,A,325,PHE,11,9.591,-5.972,-7.313
BEND13,BEND,A,326,ILE,A,326,ILE,8,15.199,-4.622,-9.754
HELX_RH_AL_P13,HELX_RH_AL_P,A,327,PRO,A,342,ARG,126,19.67,-3.923,1.848
TURN_TY1_P19,TURN_TY1_P,A,343,ARG,A,343,ARG,11,26.674,0.268,12.282
HELX_RH_AL_P14,HELX_RH_AL_P,A,344,ALA,A,348,GLU,43,23.628,5.689,13.419
TURN_TY1_P20,TURN_TY1_P,A,349,ALA,A,349,ALA,5,26.034,10.691,13.624
BEND14,BEND,A,352,THR,A,352,THR,7,26.897,14.741,5.647
HELX_RH_AL_P15,HELX_RH_AL_P,A,353,PRO,A,363,ALA,92,28.597,6.352,3.417
BEND15,BEND,A,364,LEU,A,364,LEU,8,27.619,-2.376,1.684
HELX_RH_AL_P16,HELX_RH_AL_P,A,366,ALA,A,374,ALA,63,27.697,-1.073,-4.728
BEND16,BEND,A,375,LEU,A,375,LEU,8,23.118,4.181,-8.428
HELX_RH_AL_P17,HELX_RH_AL_P,A,377,ALA,A,383,LEU,52,19.907,8.679,-4.222
TURN_TY1_P21,TURN_TY1_P,A,384,LEU,A,384,LEU,8,20.375,6.316,2.49
BEND17,BEND,A,385,ALA,A,385,ALA,5,15.94,7.47,3.585
HELX_LH_PP_P3,HELX_LH_PP_P,A,386,ASP,A,388,ASP,27,11.819,4.611,6.495
TURN_TY1_P22,TURN_TY1_P,A,389,PRO,A,390,HIS,17,5.116,1.523,9.953
BEND18,BEND,A,391,GLY,A,391,GLY,4,9.464,-0.596,7.212
HELX_RH_3T_P3,HELX_RH_3T_P,A,395,VAL,A,397,ARG,24,9.385,8.131,-1.69
BEND19,BEND,A,398,ILE,A,398,ILE,8,12.846,6.699,-4.996
HELX_RH_AL_P18,HELX_RH_AL_P,A,400,THR,A,417,GLN,150,19.89,6.468,-20.79
TURN_TY1_P23,TURN_TY1_P,A,418,GLU,A,419,GLY,13,26.103,1.591,-32.468
BEND20,BEND,A,420,THR,A,420,THR,7,22.099,0.971,-33.318
BEND21,BEND,A,423,GLY,A,423,GLY,4,17.549,9.594,-33.158
STRN16,STRN,A,427,SER,A,432,PHE,51,6.169,12.681,-14.942
BEND22,BEND,A,433,GLY,A,433,GLY,4,-0.664,10.615,-6.751
HELX_RH_AL_P19,HELX_RH_AL_P,A,434,TYR,A,437,ARG,36,-1.96,11.925,-4.538
TURN_TY1_P24,TURN_TY1_P,A,438,CYS,A,438,CYS,6,-7.869,13.745,-2.489
BEND23,BEND,A,439,ALA,A,439,ALA,5,-10.374,12.988,-5.467
HELX_LH_PP_P4,HELX_LH_PP_P,A,440,PHE,A,442,SER,24,-15.367,11.903,-6.071
HELX_RH_AL_P20,HELX_RH_AL_P,A,443,ASN,A,461,VAL,143,-20.616,0.695,2.678
TURN_TY1_P25,TURN_TY1_P,A,462,HIS,A,463,ARG,21,-23.052,-7.839,16.999
BEND24,BEND,A,466,GLY,A,466,GLY,4,-12.053,-9.316,13.27
STRN17,STRN,A,467,TYR,A,472,ARG,48,-16.738,-8.16,3.987
TURN_TY1_P26,TURN_TY1_P,A,474,LEU,A,475,THR,15,-18.879,-5.316,-9.214
BEND25,BEND,A,476,SER,A,476,SER,6,-23.234,-6.112,-10.605
HELX_RH_3T_P4,HELX_RH_3T_P,A,478,VAL,A,480,GLU,21,-27.206,-4.459,-7.026
STRN18,STRN,A,482,ALA,A,487,PRO,34,-17.959,-9.901,4.565
HELX_RH_3T_P5,HELX_RH_3T_P,A,488,LEU,A,491,LEU,31,-7.643,-12.32,7.523
STRN19,STRN,A,492,MET,A,497,ARG,55,5.736,-10.861,8.178
TURN_TY1_P27,TURN_TY1_P,A,498,HIS,A,499,GLY,14,12.786,-5.071,11.854
STRN20,STRN,A,500,SER,A,505,ILE,46,4.573,-9.869,10.787
HELX_LH_PP_P5,HELX_LH_PP_P,A,506,LYS,A,507,LYS,18,0.651,-8.971,0.986
TURN_TY1_P28,TURN_TY1_P,A,512,LEU,A,513,GLU,17,0.139,-14.687,-14.322
BEND26,BEND,A,514,GLY,A,514,GLY,4,-4.384,-12.872,-14.792
HELX_RH_AL_P21,HELX_RH_AL_P,A,515,MET,A,529,LEU,132,-1.056,-7.134,-23.339
BEND27,BEND,A,530,LYS,A,530,LYS,9,1.078,0.012,-33.511
HELX_LH_PP_P6,HELX_LH_PP_P,A,538,ALA,A,540,GLN,21,-15.861,12.291,-15.387
BEND28,BEND,A,541,TYR,A,543,GLY,28,-21.735,13.358,-12.426
HELX_RH_AL_P22,HELX_RH_AL_P,A,545,PRO,A,548,CYS,25,-22.17,5.813,-16.882
BEND29,BEND,A,549,ASP,A,549,ASP,8,-21.962,4.045,-12.639
HELX_LH_PP_P7,HELX_LH_PP_P,A,550,GLU,A,552,SER,22,-15.554,0.393,-14.264
HELX_RH_AL_P23,HELX_RH_AL_P,A,553,VAL,A,558,GLU,50,-11.7,-5.882,-14.23
BEND30,BEND,A,559,ARG,A,559,ARG,11,-14.376,-11.16,-9.806
HELX_LH_PP_P8,HELX_LH_PP_P,A,560,PRO,A,562,PRO,19,-20.283,-11.386,-14.849
